img_id,patient_id,cancer,asymmetry,border,texture,h_mean,s_mean,v_mean,h_std,s_std,v_std,color_entropy
PAT_8_15_820.png,PAT_8,1,0.12952333333333332,1.2556295965840594,56.23195174143397,0.5181349,0.39943746,0.46595958,0.2895145,0.1520864,0.20683475,1.0205868
PAT_9_17_80.png,PAT_9,0,0.4855033333333333,2.267364770678664,71.24497571990172,0.15489642,0.3876417,0.54610217,0.27867597,0.07369983,0.15148968,0.67204195
